,algorithm,compress_time,decompress_time,compression_ratio,source_entropy,bits_per_pixel
0,rle,2799875,297750,250.0,10,10
1,zlib,40625,6458,294.11764705882354,10,10
2,lzw,5706250,1444292,62.5,10,10
3,huffman,2174459,875,10000.0,10,10
4,burrows_wheeler,112583,29833,227.27272727272728,10,10
