,algorithm,compress_time,decompress_time,compression_ratio,source_entropy,bits_per_pixel
0,rle,2804416,309333,250.0,10,10
1,zlib,50542,6333,294.11764705882354,10,10
2,lzw,5560916,1440917,62.5,10,10
3,huffman,2157583,916,10000.0,10,10
4,bz2,126583,30583,227.27272727272728,10,10
